Title,URL,ID,Difficulty,Paid
Convert Doubly Linked List to Array I,https://leetcode.com/problems/convert-doubly-linked-list-to-array-i,3263,1,True
Find Overlapping Shifts,https://leetcode.com/problems/find-overlapping-shifts,3262,2,True
Premier League Table Ranking II,https://leetcode.com/problems/premier-league-table-ranking-ii,3252,2,True
Premier League Table Ranking,https://leetcode.com/problems/premier-league-table-ranking,3246,1,True
CEO Subordinate Hierarchy,https://leetcode.com/problems/ceo-subordinate-hierarchy,3236,3,True
Minimum Number of Increasing Subsequence to Be Removed,https://leetcode.com/problems/minimum-number-of-increasing-subsequence-to-be-removed,3231,3,True
Customer Purchasing Behavior Analysis,https://leetcode.com/problems/customer-purchasing-behavior-analysis,3230,2,True
Alt and Tab Simulation,https://leetcode.com/problems/alt-and-tab-simulation,3237,2,True
Number of Subsequences with Odd Sum,https://leetcode.com/problems/number-of-subsequences-with-odd-sum,3247,2,True
Maximum Array Hopping Score II,https://leetcode.com/problems/maximum-array-hopping-score-ii,3221,2,True
Count Triplets with Even XOR Set Bits II,https://leetcode.com/problems/count-triplets-with-even-xor-set-bits-ii,3215,2,True
Year on Year Growth Rate,https://leetcode.com/problems/year-on-year-growth-rate,3214,3,True
Maximum Array Hopping Score I,https://leetcode.com/problems/maximum-array-hopping-score-i,3205,2,True
Bitwise User Permissions Analysis,https://leetcode.com/problems/bitwise-user-permissions-analysis,3204,2,True
Count Triplets with Even XOR Set Bits I,https://leetcode.com/problems/count-triplets-with-even-xor-set-bits-i,3199,1,True
Find Cities in Each State,https://leetcode.com/problems/find-cities-in-each-state,3198,1,True
Minimum Moves to Get a Peaceful Board,https://leetcode.com/problems/minimum-moves-to-get-a-peaceful-board,3189,2,True
Find Top Scoring Students II,https://leetcode.com/problems/find-top-scoring-students-ii,3188,3,True
The Number of Ways to Make the Sum,https://leetcode.com/problems/the-number-of-ways-to-make-the-sum,3183,2,True
Find Top Scoring Students,https://leetcode.com/problems/find-top-scoring-students,3182,2,True
Second Day Verification,https://leetcode.com/problems/second-day-verification,3172,1,True
Construct String with Minimum Cost (Easy),https://leetcode.com/problems/construct-string-with-minimum-cost-easy,3253,2,True
Better Compression of String,https://leetcode.com/problems/better-compression-of-string,3167,2,True
Calculate Parking Fees and Duration,https://leetcode.com/problems/calculate-parking-fees-and-duration,3166,2,True
Bitwise OR of Adjacent Elements,https://leetcode.com/problems/bitwise-or-of-adjacent-elements,3173,1,True
Find the Level of Tree with Minimum Sum,https://leetcode.com/problems/find-the-level-of-tree-with-minimum-sum,3157,2,True
Employee Task Duration and Concurrent Tasks,https://leetcode.com/problems/employee-task-duration-and-concurrent-tasks,3156,3,True
Maximum Number of Upgradable Servers,https://leetcode.com/problems/maximum-number-of-upgradable-servers,3155,2,True
Invalid Tweets II,https://leetcode.com/problems/invalid-tweets-ii,3150,1,True
Maximum Hamming Distances,https://leetcode.com/problems/maximum-hamming-distances,3141,3,True
Consecutive Available Seats II,https://leetcode.com/problems/consecutive-available-seats-ii,3140,2,True
Equalize Strings by Adding or Removing Characters at Ends,https://leetcode.com/problems/equalize-strings-by-adding-or-removing-characters-at-ends,3135,2,True
Server Utilization Time,https://leetcode.com/problems/server-utilization-time,3126,2,True
Maximum Number That Makes Result of Bitwise AND Zero,https://leetcode.com/problems/maximum-number-that-makes-result-of-bitwise-and-zero,3125,2,True
Find Longest Calls,https://leetcode.com/problems/find-longest-calls,3124,2,True
Maximum Number of Potholes That Can Be Fixed,https://leetcode.com/problems/maximum-number-of-potholes-that-can-be-fixed,3119,2,True
Friday Purchase III ,https://leetcode.com/problems/friday-purchase-iii,3118,2,True
Find the Index of Permutation,https://leetcode.com/problems/find-the-index-of-permutation,3109,2,True
Find Longest Self-Contained Substring,https://leetcode.com/problems/find-longest-self-contained-substring,3104,3,True
Find Trending Hashtags II ,https://leetcode.com/problems/find-trending-hashtags-ii,3103,3,True
Guess the Number Using Bitwise Questions II,https://leetcode.com/problems/guess-the-number-using-bitwise-questions-ii,3094,2,True
Find Bursty Behavior,https://leetcode.com/problems/find-bursty-behavior,3089,2,True
Make String Anti-palindrome,https://leetcode.com/problems/make-string-anti-palindrome,3088,3,True
Find Trending Hashtags,https://leetcode.com/problems/find-trending-hashtags,3087,2,True
Match Alphanumerical Pattern in Matrix I,https://leetcode.com/problems/match-alphanumerical-pattern-in-matrix-i,3078,2,True
Maximum Increasing Triplet Value,https://leetcode.com/problems/maximum-increasing-triplet-value,3073,2,True
Guess the Number Using Bitwise Questions I,https://leetcode.com/problems/guess-the-number-using-bitwise-questions-i,3064,2,True
Calculate Trapping Rain Water,https://leetcode.com/problems/calculate-trapping-rain-water,3061,3,True
Winner of the Linked List Game,https://leetcode.com/problems/winner-of-the-linked-list-game,3062,1,True
User Activities within Time Bounds,https://leetcode.com/problems/user-activities-within-time-bounds,3060,3,True
Find All Unique Email Domains,https://leetcode.com/problems/find-all-unique-email-domains,3059,1,True
Linked List Frequency,https://leetcode.com/problems/linked-list-frequency,3063,1,True
Friends With No Mutual Friends,https://leetcode.com/problems/friends-with-no-mutual-friends,3058,2,True
Employees Project Allocation,https://leetcode.com/problems/employees-project-allocation,3057,3,True
Find Pattern in Infinite Stream II,https://leetcode.com/problems/find-pattern-in-infinite-stream-ii,3037,3,True
Count Numbers With Unique Digits II,https://leetcode.com/problems/count-numbers-with-unique-digits-ii,3032,1,True
Snaps Analysis,https://leetcode.com/problems/snaps-analysis,3056,2,True
Top Percentile Fraud,https://leetcode.com/problems/top-percentile-fraud,3055,2,True
Find Pattern in Infinite Stream I,https://leetcode.com/problems/find-pattern-in-infinite-stream-i,3023,2,True
Maximum Number of Removal Queries That Can Be Processed I,https://leetcode.com/problems/maximum-number-of-removal-queries-that-can-be-processed-i,3018,3,True
Maximum Number of Intersections on the Chart,https://leetcode.com/problems/maximum-number-of-intersections-on-the-chart,3009,3,True
Maximum Subtree of the Same Color,https://leetcode.com/problems/maximum-subtree-of-the-same-color,3004,2,True
Viewers Turned Streamers,https://leetcode.com/problems/viewers-turned-streamers,2995,3,True
Friday Purchases II ,https://leetcode.com/problems/friday-purchases-ii,2994,3,True
Friday Purchases I,https://leetcode.com/problems/friday-purchases-i,2993,2,True
Number of Self-Divisible Permutations,https://leetcode.com/problems/number-of-self-divisible-permutations,2992,2,True
Top Three Wineries ,https://leetcode.com/problems/top-three-wineries,2991,3,True
Loan Types,https://leetcode.com/problems/loan-types,2990,1,True
Class Performance,https://leetcode.com/problems/class-performance,2989,2,True
Manager of the Largest Department,https://leetcode.com/problems/manager-of-the-largest-department,2988,2,True
Find Expensive Cities,https://leetcode.com/problems/find-expensive-cities,2987,1,True
Find Third Transaction,https://leetcode.com/problems/find-third-transaction,2986,2,True
Calculate Compressed Mean,https://leetcode.com/problems/calculate-compressed-mean,2985,1,True
Find Peak Calling Hours for Each City,https://leetcode.com/problems/find-peak-calling-hours-for-each-city,2984,2,True
Most Expensive Item That Can Not Be Bought,https://leetcode.com/problems/most-expensive-item-that-can-not-be-bought,2979,2,True
Minimum Number of Coins for Fruits II,https://leetcode.com/problems/minimum-number-of-coins-for-fruits-ii,2969,3,True
Binary Tree Nodes,https://leetcode.com/problems/binary-tree-nodes,3054,2,True
Classifying Triangles by Lengths,https://leetcode.com/problems/classifying-triangles-by-lengths,3053,1,True
Maximize Items,https://leetcode.com/problems/maximize-items,3052,3,True
Find Candidates for Data Scientist Position,https://leetcode.com/problems/find-candidates-for-data-scientist-position,3051,1,True
Pizza Toppings Cost Analysis,https://leetcode.com/problems/pizza-toppings-cost-analysis,3050,2,True
Number of Divisible Triplet Sums,https://leetcode.com/problems/number-of-divisible-triplet-sums,2964,2,True
Symmetric Coordinates,https://leetcode.com/problems/symmetric-coordinates,2978,2,True
Number of Same-End Substrings,https://leetcode.com/problems/number-of-same-end-substrings,2955,2,True
Number of Divisible Substrings,https://leetcode.com/problems/number-of-divisible-substrings,2950,2,True
Maximum GCD-Sum of a Subarray,https://leetcode.com/problems/maximum-gcd-sum-of-a-subarray,2941,3,True
Number of Equal Numbers Blocks,https://leetcode.com/problems/number-of-equal-numbers-blocks,2936,2,True
Distribute Candies Among Children III,https://leetcode.com/problems/distribute-candies-among-children-iii,2927,3,True
Market Analysis III,https://leetcode.com/problems/market-analysis-iii,2922,2,True
Maximum Profitable Triplets With Increasing Prices II,https://leetcode.com/problems/maximum-profitable-triplets-with-increasing-prices-ii,2921,3,True
Number of Ways to Reach Destination in the Grid,https://leetcode.com/problems/number-of-ways-to-reach-destination-in-the-grid,2912,3,True
Maximum Profitable Triplets With Increasing Prices I,https://leetcode.com/problems/maximum-profitable-triplets-with-increasing-prices-i,2907,2,True
Maximum Linear Stock Score,https://leetcode.com/problems/maximum-linear-stock-score,2898,2,True
Minimizing Array After Replacing Pairs With Their Product,https://leetcode.com/problems/minimizing-array-after-replacing-pairs-with-their-product,2892,2,True
The Wording Game,https://leetcode.com/problems/the-wording-game,2868,3,True
Calculate Orders Within Each Interval,https://leetcode.com/problems/calculate-orders-within-each-interval,2893,2,True
Maximum Length of Semi-Decreasing Subarrays,https://leetcode.com/problems/maximum-length-of-semi-decreasing-subarrays,2863,2,True
Rolling Average Steps,https://leetcode.com/problems/rolling-average-steps,2854,2,True
Highest Salaries Difference,https://leetcode.com/problems/highest-salaries-difference,2853,1,True
Sum of Remoteness of All Cells,https://leetcode.com/problems/sum-of-remoteness-of-all-cells,2852,2,True
Smallest Number With Given Digit Product,https://leetcode.com/problems/smallest-number-with-given-digit-product,2847,2,True
Maximum Coins Heroes Can Collect,https://leetcode.com/problems/maximum-coins-heroes-can-collect,2838,2,True
Total Traveled Distance,https://leetcode.com/problems/total-traveled-distance,2837,1,True
Maximal Range That Each Element Is Maximum in It,https://leetcode.com/problems/maximal-range-that-each-element-is-maximum-in-it,2832,2,True
Election Results,https://leetcode.com/problems/election-results,2820,2,True
Minimum Relative Loss After Buying Chocolates,https://leetcode.com/problems/minimum-relative-loss-after-buying-chocolates,2819,3,True
Minimum Time Takes to Reach Destination Without Drowning,https://leetcode.com/problems/minimum-time-takes-to-reach-destination-without-drowning,2814,3,True
Find The K-th Lucky Number,https://leetcode.com/problems/find-the-k-th-lucky-number,2802,2,True
Count Nodes That Are Great Enough,https://leetcode.com/problems/count-nodes-that-are-great-enough,2792,3,True
Status of Flight Tickets,https://leetcode.com/problems/status-of-flight-tickets,2793,3,True
Flight Occupancy and Waitlist Analysis,https://leetcode.com/problems/flight-occupancy-and-waitlist-analysis,2783,2,True
Number of Unique Categories,https://leetcode.com/problems/number-of-unique-categories,2782,2,True
Height of Special Binary Tree,https://leetcode.com/problems/height-of-special-binary-tree,2773,2,True
Inversion of Object,https://leetcode.com/problems/inversion-of-object,2822,1,True
Is Array a Preorder of Some ‌Binary Tree,https://leetcode.com/problems/is-array-a-preorder-of-some-binary-tree,2764,2,True
Deep Object Filter,https://leetcode.com/problems/deep-object-filter,2823,2,True
Delay the Resolution of Each Promise,https://leetcode.com/problems/delay-the-resolution-of-each-promise,2821,2,True
Custom Interval,https://leetcode.com/problems/custom-interval,2805,2,True
Array Prototype ForEach,https://leetcode.com/problems/array-prototype-foreach,2804,1,True
Factorial Generator,https://leetcode.com/problems/factorial-generator,2803,1,True
Partial Function with Placeholders,https://leetcode.com/problems/partial-function-with-placeholders,2797,1,True
Repeat String,https://leetcode.com/problems/repeat-string,2796,1,True
Parallel Execution of Promises for Individual Results Retrieval,https://leetcode.com/problems/parallel-execution-of-promises-for-individual-results-retrieval,2795,2,True
Count Houses in a Circular Street II,https://leetcode.com/problems/count-houses-in-a-circular-street-ii,2753,3,True
Count Substrings Without Repeating Character,https://leetcode.com/problems/count-substrings-without-repeating-character,2743,2,True
Count Occurrences in Text,https://leetcode.com/problems/count-occurrences-in-text,2738,2,True
Find the Closest Marked Node,https://leetcode.com/problems/find-the-closest-marked-node,2737,2,True
Count Houses in a Circular Street,https://leetcode.com/problems/count-houses-in-a-circular-street,2728,1,True
Popularity Percentage,https://leetcode.com/problems/popularity-percentage,2720,3,True
Find Shortest Path with K Hops,https://leetcode.com/problems/find-shortest-path-with-k-hops,2714,3,True
Create Object from Two Arrays,https://leetcode.com/problems/create-object-from-two-arrays,2794,1,True
Consecutive Transactions with Increasing Amounts,https://leetcode.com/problems/consecutive-transactions-with-increasing-amounts,2701,3,True
Customers with Maximum Number of Transactions on Consecutive Days,https://leetcode.com/problems/customers-with-maximum-number-of-transactions-on-consecutive-days,2752,3,True
Convert JSON String to Object,https://leetcode.com/problems/convert-json-string-to-object,2759,3,True
Extract Kth Character From The Rope Tree,https://leetcode.com/problems/extract-kth-character-from-the-rope-tree,2689,1,True
Find Active Users,https://leetcode.com/problems/find-active-users,2688,2,True
Bikes Last Time Used ,https://leetcode.com/problems/bikes-last-time-used,2687,1,True
Immediate Food Delivery III,https://leetcode.com/problems/immediate-food-delivery-iii,2686,2,True
Split a Circular Linked List,https://leetcode.com/problems/split-a-circular-linked-list,2674,2,True
Count Artist Occurrences On Spotify Ranking List,https://leetcode.com/problems/count-artist-occurrences-on-spotify-ranking-list,2669,1,True
Find Latest Salaries,https://leetcode.com/problems/find-latest-salaries,2668,1,True
The Knight’s Tour,https://leetcode.com/problems/the-knights-tour,2664,2,True
Next Day,https://leetcode.com/problems/next-day,2758,1,True
Find Maximal Uncovered Ranges,https://leetcode.com/problems/find-maximal-uncovered-ranges,2655,2,True
Generate Circular Array Values,https://leetcode.com/problems/generate-circular-array-values,2757,2,True
Query Batching,https://leetcode.com/problems/query-batching,2756,3,True
Date Range Generator,https://leetcode.com/problems/date-range-generator,2777,2,True
Deep Merge of Two Objects,https://leetcode.com/problems/deep-merge-of-two-objects,2755,2,True
Convert Callback Based Function to Promise Based Function,https://leetcode.com/problems/convert-callback-based-function-to-promise-based-function,2776,2,True
Undefined to Null,https://leetcode.com/problems/undefined-to-null,2775,2,True
Make Object Immutable,https://leetcode.com/problems/make-object-immutable,2692,2,True
Differences Between Two Objects,https://leetcode.com/problems/differences-between-two-objects,2700,2,True
Immutability Helper,https://leetcode.com/problems/immutability-helper,2691,3,True
Infinite Method Object,https://leetcode.com/problems/infinite-method-object,2690,1,True
Throttle,https://leetcode.com/problems/throttle,2676,2,True
Bind Function to Context,https://leetcode.com/problems/bind-function-to-context,2754,2,True
Array of Objects to Matrix,https://leetcode.com/problems/array-of-objects-to-matrix,2675,3,True
Array Upper Bound,https://leetcode.com/problems/array-upper-bound,2774,1,True
Promise Pool,https://leetcode.com/problems/promise-pool,2636,2,True
Convert Object to JSON String,https://leetcode.com/problems/convert-object-to-json-string,2633,2,True
Curry,https://leetcode.com/problems/curry,2632,2,True
Count the Number of K-Free Subsets,https://leetcode.com/problems/count-the-number-of-k-free-subsets,2638,2,True
JSON Deep Equal,https://leetcode.com/problems/json-deep-equal,2628,2,True
Minimum Operations to Make Numbers Non-positive,https://leetcode.com/problems/minimum-operations-to-make-numbers-non-positive,2702,3,True
Beautiful Pairs,https://leetcode.com/problems/beautiful-pairs,2613,3,True
Maximum Number of Integers to Choose From a Range II,https://leetcode.com/problems/maximum-number-of-integers-to-choose-from-a-range-ii,2557,2,True
Maximum Price to Fill a Bag,https://leetcode.com/problems/maximum-price-to-fill-a-bag,2548,2,True
Design a Todo List,https://leetcode.com/problems/design-a-todo-list,2590,2,True
Count the Number of Good Subsequences,https://leetcode.com/problems/count-the-number-of-good-subsequences,2539,2,True
Make the Prefix Sum Non-negative,https://leetcode.com/problems/make-the-prefix-sum-non-negative,2599,2,True
Number of Good Binary Strings,https://leetcode.com/problems/number-of-good-binary-strings,2533,2,True
Maximum Frequency Score of a Subarray,https://leetcode.com/problems/maximum-frequency-score-of-a-subarray,2524,3,True
Minimum Time to Eat All Grains,https://leetcode.com/problems/minimum-time-to-eat-all-grains,2604,3,True
Count the Number of K-Big Indices,https://leetcode.com/problems/count-the-number-of-k-big-indices,2519,3,True
Check if There is a Path With Equal Number of 0's And 1's,https://leetcode.com/problems/check-if-there-is-a-path-with-equal-number-of-0s-and-1s,2510,2,True
Bitwise OR of All Subsequence Sums,https://leetcode.com/problems/bitwise-or-of-all-subsequence-sums,2505,2,True
Concatenate the Name and the Profession,https://leetcode.com/problems/concatenate-the-name-and-the-profession,2504,1,True
Number of Subarrays Having Even Product,https://leetcode.com/problems/number-of-subarrays-having-even-product,2495,2,True
Merge Overlapping Events in the Same Hall,https://leetcode.com/problems/merge-overlapping-events-in-the-same-hall,2494,3,True
Number of Substrings With Fixed Ratio,https://leetcode.com/problems/number-of-substrings-with-fixed-ratio,2489,2,True
Maximum XOR of Two Non-Overlapping Subtrees,https://leetcode.com/problems/maximum-xor-of-two-non-overlapping-subtrees,2479,3,True
Form a Chemical Bond,https://leetcode.com/problems/form-a-chemical-bond,2480,1,True
Time Taken to Cross the Door,https://leetcode.com/problems/time-taken-to-cross-the-door,2534,3,True
Customers With Strictly Increasing Purchases,https://leetcode.com/problems/customers-with-strictly-increasing-purchases,2474,3,True
Minimum Cost to Buy Apples,https://leetcode.com/problems/minimum-cost-to-buy-apples,2473,2,True
Minimum Subarrays in a Valid Split,https://leetcode.com/problems/minimum-subarrays-in-a-valid-split,2464,2,True
Number of Distinct Binary Strings After Applying Operations,https://leetcode.com/problems/number-of-distinct-binary-strings-after-applying-operations,2450,2,True
Number of Nodes With Value One,https://leetcode.com/problems/number-of-nodes-with-value-one,2445,2,True
Minimum Split Into Subarrays With GCD Greater Than One,https://leetcode.com/problems/minimum-split-into-subarrays-with-gcd-greater-than-one,2436,2,True
Maximize Total Tastiness of Purchased Fruits,https://leetcode.com/problems/maximize-total-tastiness-of-purchased-fruits,2431,2,True
Merge Operations to Turn Array Into a Palindrome,https://leetcode.com/problems/merge-operations-to-turn-array-into-a-palindrome,2422,2,True
Closest Fair Integer,https://leetcode.com/problems/closest-fair-integer,2417,2,True
Design SQL,https://leetcode.com/problems/design-sql,2408,2,True
Color the Triangle Red,https://leetcode.com/problems/color-the-triangle-red,2647,3,True
Minimum Time to Kill All Monsters,https://leetcode.com/problems/minimum-time-to-kill-all-monsters,2403,3,True
Count Strictly Increasing Subarrays,https://leetcode.com/problems/count-strictly-increasing-subarrays,2393,2,True
Employees With Deductions,https://leetcode.com/problems/employees-with-deductions,2394,2,True
Change Null Values in a Table to the Previous Value,https://leetcode.com/problems/change-null-values-in-a-table-to-the-previous-value,2388,2,True
Median of a Row Wise Sorted Matrix,https://leetcode.com/problems/median-of-a-row-wise-sorted-matrix,2387,2,True
Choose Edges to Maximize Score in a Tree,https://leetcode.com/problems/choose-edges-to-maximize-score-in-a-tree,2378,2,True
Sort the Olympic Table,https://leetcode.com/problems/sort-the-olympic-table,2377,1,True
Calculate the Influence of Each Salesperson,https://leetcode.com/problems/calculate-the-influence-of-each-salesperson,2372,2,True
Minimize Maximum Value in a Grid,https://leetcode.com/problems/minimize-maximum-value-in-a-grid,2371,3,True
Generate the Invoice,https://leetcode.com/problems/generate-the-invoice,2362,3,True
Minimum Costs Using the Train Line,https://leetcode.com/problems/minimum-costs-using-the-train-line,2361,3,True
Maximum Number of Books You Can Take,https://leetcode.com/problems/maximum-number-of-books-you-can-take,2355,3,True
Sort Array by Moving Items to Empty Space,https://leetcode.com/problems/sort-array-by-moving-items-to-empty-space,2459,3,True
Finding the Number of Visible Mountains,https://leetcode.com/problems/finding-the-number-of-visible-mountains,2345,2,True
Compute the Rank as a Percentage,https://leetcode.com/problems/compute-the-rank-as-a-percentage,2346,2,True
Minimum Adjacent Swaps to Make a Valid Array,https://leetcode.com/problems/minimum-adjacent-swaps-to-make-a-valid-array,2340,2,True
Valid Palindrome IV,https://leetcode.com/problems/valid-palindrome-iv,2330,2,True
Find Minimum Time to Finish All Jobs II,https://leetcode.com/problems/find-minimum-time-to-finish-all-jobs-ii,2323,2,True
All the Matches of the League,https://leetcode.com/problems/all-the-matches-of-the-league,2339,1,True
Product Sales Analysis V,https://leetcode.com/problems/product-sales-analysis-v,2329,1,True
Product Sales Analysis IV,https://leetcode.com/problems/product-sales-analysis-iv,2324,2,True
The First Day of the Maximum Recorded Degree in Each City,https://leetcode.com/problems/the-first-day-of-the-maximum-recorded-degree-in-each-city,2314,2,True
Arrange Table by Gender,https://leetcode.com/problems/arrange-table-by-gender,2308,2,True
Tasks Count in the Weekend,https://leetcode.com/problems/tasks-count-in-the-weekend,2298,2,True
Products With Three or More Orders in Two Consecutive Years,https://leetcode.com/problems/products-with-three-or-more-orders-in-two-consecutive-years,2292,2,True
Maximum Profit From Trading Stocks,https://leetcode.com/problems/maximum-profit-from-trading-stocks,2291,2,True
Number of People That Can Be Seen in a Grid,https://leetcode.com/problems/number-of-people-that-can-be-seen-in-a-grid,2282,2,True
Closest Node to Path in Tree,https://leetcode.com/problems/closest-node-to-path-in-tree,2277,3,True
Minimum Number of Keypresses,https://leetcode.com/problems/minimum-number-of-keypresses,2268,2,True
Minimum Flips in Binary Tree to Get Result,https://leetcode.com/problems/minimum-flips-in-binary-tree-to-get-result,2313,3,True
Design Video Sharing Platform,https://leetcode.com/problems/design-video-sharing-platform,2254,3,True
Count Positions on Street With Required Brightness,https://leetcode.com/problems/count-positions-on-street-with-required-brightness,2237,2,True
Dynamic Unpivoting of a Table,https://leetcode.com/problems/dynamic-unpivoting-of-a-table,2253,3,True
Dynamic Pivoting of a Table,https://leetcode.com/problems/dynamic-pivoting-of-a-table,2252,3,True
Number of Times a Driver Was a Passenger,https://leetcode.com/problems/number-of-times-a-driver-was-a-passenger,2238,2,True
The Users That Are Eligible for Discount,https://leetcode.com/problems/the-users-that-are-eligible-for-discount,2230,1,True
Users With Two Purchases Within Seven Days,https://leetcode.com/problems/users-with-two-purchases-within-seven-days,2228,2,True
Maximum Sum Score of Array,https://leetcode.com/problems/maximum-sum-score-of-array,2219,2,True
Minimum Health to Beat Game,https://leetcode.com/problems/minimum-health-to-beat-game,2214,2,True
The Number of Users That Are Eligible for Discount,https://leetcode.com/problems/the-number-of-users-that-are-eligible-for-discount,2205,1,True
Finding the Topic of Each Post,https://leetcode.com/problems/finding-the-topic-of-each-post,2199,3,True
Number of Ways to Build Sturdy Brick Wall,https://leetcode.com/problems/number-of-ways-to-build-sturdy-brick-wall,2184,2,True
The Change in Global Rankings,https://leetcode.com/problems/the-change-in-global-rankings,2175,2,True
Remove All Ones With Row and Column Flips II,https://leetcode.com/problems/remove-all-ones-with-row-and-column-flips-ii,2174,2,True
Longest Winning Streak,https://leetcode.com/problems/longest-winning-streak,2173,3,True
Unique Substrings With Equal Digit Frequency,https://leetcode.com/problems/unique-substrings-with-equal-digit-frequency,2168,2,True
Order Two Columns Independently,https://leetcode.com/problems/order-two-columns-independently,2159,2,True
Amount of New Area Painted Each Day,https://leetcode.com/problems/amount-of-new-area-painted-each-day,2158,3,True
The Number of Passengers in Each Bus II,https://leetcode.com/problems/the-number-of-passengers-in-each-bus-ii,2153,3,True
Minimum Number of Lines to Cover Points,https://leetcode.com/problems/minimum-number-of-lines-to-cover-points,2152,2,True
Choose Numbers From Two Arrays in Range,https://leetcode.com/problems/choose-numbers-from-two-arrays-in-range,2143,3,True
The Number of Passengers in Each Bus I,https://leetcode.com/problems/the-number-of-passengers-in-each-bus-i,2142,2,True
Pour Water Between Buckets to Make Water Levels Equal,https://leetcode.com/problems/pour-water-between-buckets-to-make-water-levels-equal,2137,2,True
Remove All Ones With Row and Column Flips,https://leetcode.com/problems/remove-all-ones-with-row-and-column-flips,2128,2,True
Minimum Operations to Remove Adjacent Ones in Matrix,https://leetcode.com/problems/minimum-operations-to-remove-adjacent-ones-in-matrix,2123,3,True
Elements in Array After Removing and Replacing Elements,https://leetcode.com/problems/elements-in-array-after-removing-and-replacing-elements,2113,2,True
Build the Equation,https://leetcode.com/problems/build-the-equation,2118,3,True
The Airport With the Most Traffic,https://leetcode.com/problems/the-airport-with-the-most-traffic,2112,2,True
Number of Unique Flavors After Sharing K Candies,https://leetcode.com/problems/number-of-unique-flavors-after-sharing-k-candies,2107,2,True
Subsequence of Size K With the Largest Even Sum,https://leetcode.com/problems/subsequence-of-size-k-with-the-largest-even-sum,2098,2,True
Minimum Cost to Reach City With Discounts,https://leetcode.com/problems/minimum-cost-to-reach-city-with-discounts,2093,2,True
Substrings That Begin and End With the Same Letter,https://leetcode.com/problems/substrings-that-begin-and-end-with-the-same-letter,2083,2,True
Drop Type 1 Orders for Customers With Type 0 Orders,https://leetcode.com/problems/drop-type-1-orders-for-customers-with-type-0-orders,2084,2,True
The Number of Rich Customers,https://leetcode.com/problems/the-number-of-rich-customers,2082,1,True
Paths in Maze That Lead to Same Room,https://leetcode.com/problems/paths-in-maze-that-lead-to-same-room,2077,2,True
The Winner University,https://leetcode.com/problems/the-winner-university,2072,1,True
Number of Equal Count Substrings,https://leetcode.com/problems/number-of-equal-count-substrings,2067,2,True
Account Balance,https://leetcode.com/problems/account-balance,2066,2,True
Number of Spaces Cleaning Robot Cleaned,https://leetcode.com/problems/number-of-spaces-cleaning-robot-cleaned,2061,2,True
The Category of Each Member in the Store,https://leetcode.com/problems/the-category-of-each-member-in-the-store,2051,2,True
Accepted Candidates From the Interviews,https://leetcode.com/problems/accepted-candidates-from-the-interviews,2041,2,True
Low-Quality Problems,https://leetcode.com/problems/low-quality-problems,2026,1,True
Number of Accounts That Did Not Stream,https://leetcode.com/problems/number-of-accounts-that-did-not-stream,2020,2,True
The Number of Seniors and Juniors to Join the Company II,https://leetcode.com/problems/the-number-of-seniors-and-juniors-to-join-the-company-ii,2010,3,True
Subtree Removal Game with Fibonacci Tree,https://leetcode.com/problems/subtree-removal-game-with-fibonacci-tree,2005,3,True
The Number of Seniors and Juniors to Join the Company,https://leetcode.com/problems/the-number-of-seniors-and-juniors-to-join-the-company,2004,3,True
Count the Number of Experiments,https://leetcode.com/problems/count-the-number-of-experiments,1990,2,True
Average Height of Buildings in Each Segment,https://leetcode.com/problems/average-height-of-buildings-in-each-segment,2015,2,True
Smallest Greater Multiple Made of Two Digits,https://leetcode.com/problems/smallest-greater-multiple-made-of-two-digits,1999,2,True
Find Cutoff Score for Each School,https://leetcode.com/problems/find-cutoff-score-for-each-school,1988,2,True
Count Nodes Equal to Sum of Descendants,https://leetcode.com/problems/count-nodes-equal-to-sum-of-descendants,1973,2,True
First and Last Call On the Same Day,https://leetcode.com/problems/first-and-last-call-on-the-same-day,1972,3,True
Binary Searchable Numbers in an Unsorted Array,https://leetcode.com/problems/binary-searchable-numbers-in-an-unsorted-array,1966,2,True
All the Pairs With the Maximum Number of Common Followers,https://leetcode.com/problems/all-the-pairs-with-the-maximum-number-of-common-followers,1951,2,True
Strong Friendship,https://leetcode.com/problems/strong-friendship,1949,2,True
Users That Actively Request Confirmation Messages,https://leetcode.com/problems/users-that-actively-request-confirmation-messages,1939,1,True
Minimum Cost to Separate Sentence Into Rows,https://leetcode.com/problems/minimum-cost-to-separate-sentence-into-rows,2052,2,True
Brightest Position on Street,https://leetcode.com/problems/brightest-position-on-street,2021,2,True
Erect the Fence II,https://leetcode.com/problems/erect-the-fence-ii,1924,3,True
Minimum Time For K Virus Variants to Spread,https://leetcode.com/problems/minimum-time-for-k-virus-variants-to-spread,1956,3,True
Maximum of Minimum Values in All Subarrays,https://leetcode.com/problems/maximum-of-minimum-values-in-all-subarrays,1950,2,True
Longest Common Subsequence Between Sorted Arrays,https://leetcode.com/problems/longest-common-subsequence-between-sorted-arrays,1940,2,True
Check if String Is Decomposable Into Value-Equal Substrings,https://leetcode.com/problems/check-if-string-is-decomposable-into-value-equal-substrings,1933,1,True
Kth Smallest Subarray Sum,https://leetcode.com/problems/kth-smallest-subarray-sum,1918,2,True
Check for Contradictions in Equations,https://leetcode.com/problems/check-for-contradictions-in-equations,2307,3,True
Leetcodify Similar Friends,https://leetcode.com/problems/leetcodify-similar-friends,1919,3,True
Leetcodify Friends Recommendations,https://leetcode.com/problems/leetcodify-friends-recommendations,1917,3,True
Game of Nim,https://leetcode.com/problems/game-of-nim,1908,2,True
Jump Game VIII,https://leetcode.com/problems/jump-game-viii,2297,2,True
Depth of BST Given Insertion Order,https://leetcode.com/problems/depth-of-bst-given-insertion-order,1902,2,True
Page Recommendations II,https://leetcode.com/problems/page-recommendations-ii,1892,3,True
Cutting Ribbons,https://leetcode.com/problems/cutting-ribbons,1891,2,True
Count Pairs in Two Arrays,https://leetcode.com/problems/count-pairs-in-two-arrays,1885,2,True
Group Employees of the Same Salary,https://leetcode.com/problems/group-employees-of-the-same-salary,1875,2,True
Minimize Product Sum of Two Arrays,https://leetcode.com/problems/minimize-product-sum-of-two-arrays,1874,2,True
Product of Two Run-Length Encoded Arrays,https://leetcode.com/problems/product-of-two-run-length-encoded-arrays,1868,2,True
Orders With Maximum Quantity Above Average,https://leetcode.com/problems/orders-with-maximum-quantity-above-average,1867,2,True
Longest Word With All Prefixes,https://leetcode.com/problems/longest-word-with-all-prefixes,1858,2,True
Maximum Cost of Trip With K Highways,https://leetcode.com/problems/maximum-cost-of-trip-with-k-highways,2247,3,True
Convert Date Format,https://leetcode.com/problems/convert-date-format,1853,1,True
Distinct Numbers in Each Subarray,https://leetcode.com/problems/distinct-numbers-in-each-subarray,1852,2,True
Suspicious Bank Accounts,https://leetcode.com/problems/suspicious-bank-accounts,1843,2,True
Next Palindrome Using Same Digits,https://leetcode.com/problems/next-palindrome-using-same-digits,1842,3,True
Sort Linked List Already Sorted Using Absolute Values,https://leetcode.com/problems/sort-linked-list-already-sorted-using-absolute-values,2046,2,True
League Statistics,https://leetcode.com/problems/league-statistics,1841,2,True
Remove Duplicates From an Unsorted Linked List,https://leetcode.com/problems/remove-duplicates-from-an-unsorted-linked-list,1836,2,True
Maximum Transaction Each Day,https://leetcode.com/problems/maximum-transaction-each-day,1831,2,True
Faulty Sensor,https://leetcode.com/problems/faulty-sensor,1826,1,True
Maximum Number of People That Can Be Caught in Tag,https://leetcode.com/problems/maximum-number-of-people-that-can-be-caught-in-tag,1989,2,True
Find Customers With Positive Revenue this Year,https://leetcode.com/problems/find-customers-with-positive-revenue-this-year,1821,1,True
Maximum Number of Accepted Invitations,https://leetcode.com/problems/maximum-number-of-accepted-invitations,1820,2,True
Find Interview Candidates,https://leetcode.com/problems/find-interview-candidates,1811,2,True
Minimum Path Cost in a Hidden Grid,https://leetcode.com/problems/minimum-path-cost-in-a-hidden-grid,1810,2,True
Ad-Free Sessions,https://leetcode.com/problems/ad-free-sessions,1809,1,True
Implement Trie II (Prefix Tree),https://leetcode.com/problems/implement-trie-ii-prefix-tree,1804,2,True
Count Pairs of Equal Substrings With Minimum Difference,https://leetcode.com/problems/count-pairs-of-equal-substrings-with-minimum-difference,1794,2,True
Maximize the Beauty of the Garden,https://leetcode.com/problems/maximize-the-beauty-of-the-garden,1788,3,True
Grand Slam Titles,https://leetcode.com/problems/grand-slam-titles,1783,2,True
Shortest Path in a Hidden Grid,https://leetcode.com/problems/shortest-path-in-a-hidden-grid,1778,2,True
Product's Price for Each Store,https://leetcode.com/problems/products-price-for-each-store,1777,1,True
Sort Features by Popularity,https://leetcode.com/problems/sort-features-by-popularity,1772,2,True
Find the Subtasks That Did Not Execute,https://leetcode.com/problems/find-the-subtasks-that-did-not-execute,1767,3,True
Buildings With an Ocean View,https://leetcode.com/problems/buildings-with-an-ocean-view,1762,2,True
Design Most Recently Used Queue,https://leetcode.com/problems/design-most-recently-used-queue,1756,2,True
Leetflex Banned Accounts,https://leetcode.com/problems/leetflex-banned-accounts,1747,2,True
Maximum Subarray Sum After One Operation,https://leetcode.com/problems/maximum-subarray-sum-after-one-operation,1746,2,True
Find Distance in a Binary Tree,https://leetcode.com/problems/find-distance-in-a-binary-tree,1740,2,True
Checking Existence of Edge Length Limited Paths II,https://leetcode.com/problems/checking-existence-of-edge-length-limited-paths-ii,1724,3,True
Count Apples and Oranges,https://leetcode.com/problems/count-apples-and-oranges,1715,2,True
Biggest Window Between Visits,https://leetcode.com/problems/biggest-window-between-visits,1709,2,True
Largest Subarray Length K,https://leetcode.com/problems/largest-subarray-length-k,1708,1,True
Number of Calls Between Two Persons,https://leetcode.com/problems/number-of-calls-between-two-persons,1699,2,True
Number of Distinct Substrings in a String,https://leetcode.com/problems/number-of-distinct-substrings-in-a-string,1698,2,True
Count Ways to Distribute Candies,https://leetcode.com/problems/count-ways-to-distribute-candies,1692,3,True
Longest Palindromic Subsequence II,https://leetcode.com/problems/longest-palindromic-subsequence-ii,1682,2,True
Product's Worth Over Invoices,https://leetcode.com/problems/products-worth-over-invoices,1677,1,True
Lowest Common Ancestor of a Binary Tree IV,https://leetcode.com/problems/lowest-common-ancestor-of-a-binary-tree-iv,1676,2,True
Change the Root of a Binary Tree,https://leetcode.com/problems/change-the-root-of-a-binary-tree,1666,2,True
Sum Of Special Evenly-Spaced Elements In Array,https://leetcode.com/problems/sum-of-special-evenly-spaced-elements-in-array,1714,3,True
Correct a Binary Tree,https://leetcode.com/problems/correct-a-binary-tree,1660,2,True
Hopper Company Queries III,https://leetcode.com/problems/hopper-company-queries-iii,1651,3,True
Lowest Common Ancestor of a Binary Tree III,https://leetcode.com/problems/lowest-common-ancestor-of-a-binary-tree-iii,1650,2,True
Hopper Company Queries II,https://leetcode.com/problems/hopper-company-queries-ii,1645,3,True
Lowest Common Ancestor of a Binary Tree II,https://leetcode.com/problems/lowest-common-ancestor-of-a-binary-tree-ii,1644,2,True
Hopper Company Queries I,https://leetcode.com/problems/hopper-company-queries-i,1635,3,True
Add Two Polynomials Represented as Linked Lists,https://leetcode.com/problems/add-two-polynomials-represented-as-linked-lists,1634,2,True
Design an Expression Tree With Evaluate Function,https://leetcode.com/problems/design-an-expression-tree-with-evaluate-function,1628,2,True
All Valid Triplets That Can Represent a Country,https://leetcode.com/problems/all-valid-triplets-that-can-represent-a-country,1623,1,True
Find the Missing IDs,https://leetcode.com/problems/find-the-missing-ids,1613,2,True
Check If Two Expression Trees are Equivalent,https://leetcode.com/problems/check-if-two-expression-trees-are-equivalent,1612,2,True
Sellers With No Sales,https://leetcode.com/problems/sellers-with-no-sales,1607,1,True
Find Nearest Right Node in Binary Tree,https://leetcode.com/problems/find-nearest-right-node-in-binary-tree,1602,2,True
Build Binary Expression Tree From Infix Expression,https://leetcode.com/problems/build-binary-expression-tree-from-infix-expression,1597,3,True
The Most Frequently Ordered Products for Each Customer,https://leetcode.com/problems/the-most-frequently-ordered-products-for-each-customer,1596,2,True
Binary Search Tree Iterator II,https://leetcode.com/problems/binary-search-tree-iterator-ii,1586,2,True
Put Boxes Into the Warehouse II,https://leetcode.com/problems/put-boxes-into-the-warehouse-ii,1580,2,True
Warehouse Manager,https://leetcode.com/problems/warehouse-manager,1571,1,True
Dot Product of Two Sparse Vectors,https://leetcode.com/problems/dot-product-of-two-sparse-vectors,1570,2,True
Unique Orders and Customers Per Month,https://leetcode.com/problems/unique-orders-and-customers-per-month,1565,1,True
Put Boxes Into the Warehouse I,https://leetcode.com/problems/put-boxes-into-the-warehouse-i,1564,2,True
Bank Account Summary,https://leetcode.com/problems/bank-account-summary,1555,2,True
Strings Differ by One Character,https://leetcode.com/problems/strings-differ-by-one-character,1554,2,True
The Most Recent Orders for Each Product,https://leetcode.com/problems/the-most-recent-orders-for-each-product,1549,2,True
The Most Similar Path in a Graph,https://leetcode.com/problems/the-most-similar-path-in-a-graph,1548,3,True
Fix Product Name Format,https://leetcode.com/problems/fix-product-name-format,1543,1,True
Guess the Majority in a Hidden Array,https://leetcode.com/problems/guess-the-majority-in-a-hidden-array,1538,2,True
Find the Index of the Large Integer,https://leetcode.com/problems/find-the-index-of-the-large-integer,1533,2,True
The Most Recent Three Orders,https://leetcode.com/problems/the-most-recent-three-orders,1532,2,True
Diameter of N-Ary Tree,https://leetcode.com/problems/diameter-of-n-ary-tree,1522,2,True
Move Sub-Tree of N-Ary Tree,https://leetcode.com/problems/move-sub-tree-of-n-ary-tree,1516,3,True
Customer Order Frequency,https://leetcode.com/problems/customer-order-frequency,1511,1,True
Find Root of N-Ary Tree,https://leetcode.com/problems/find-root-of-n-ary-tree,1506,2,True
Countries You Can Safely Invest In,https://leetcode.com/problems/countries-you-can-safely-invest-in,1501,2,True
Design a File Sharing System,https://leetcode.com/problems/design-a-file-sharing-system,1500,2,True
Friendly Movies Streamed Last Month,https://leetcode.com/problems/friendly-movies-streamed-last-month,1495,1,True
Clone N-ary Tree,https://leetcode.com/problems/clone-n-ary-tree,1490,2,True
Clone Binary Tree With Random Pointer,https://leetcode.com/problems/clone-binary-tree-with-random-pointer,1485,2,True
Sales by Day of the Week,https://leetcode.com/problems/sales-by-day-of-the-week,1479,3,True
Delete N Nodes After M Nodes of a Linked List,https://leetcode.com/problems/delete-n-nodes-after-m-nodes-of-a-linked-list,1474,1,True
Find All The Lonely Nodes,https://leetcode.com/problems/find-all-the-lonely-nodes,1469,1,True
Calculate Salaries,https://leetcode.com/problems/calculate-salaries,1468,2,True
Rectangles Area,https://leetcode.com/problems/rectangles-area,1459,2,True
Active Users,https://leetcode.com/problems/active-users,1454,2,True
Apples & Oranges,https://leetcode.com/problems/apples-oranges,1445,2,True
Evaluate Boolean Expression,https://leetcode.com/problems/evaluate-boolean-expression,1440,2,True
Create a Session Bar Chart,https://leetcode.com/problems/create-a-session-bar-chart,1435,1,True
NPV Queries,https://leetcode.com/problems/npv-queries,1421,1,True
Find the Quiet Students in All Exams,https://leetcode.com/problems/find-the-quiet-students-in-all-exams,1412,3,True
Customers Who Bought Products A and B but Not C,https://leetcode.com/problems/customers-who-bought-products-a-and-b-but-not-c,1398,2,True
Total Sales Amount by Year,https://leetcode.com/problems/total-sales-amount-by-year,1384,3,True
Get the Second Most Recent Activity,https://leetcode.com/problems/get-the-second-most-recent-activity,1369,3,True
Number of Trusted Contacts of a Customer,https://leetcode.com/problems/number-of-trusted-contacts-of-a-customer,1364,2,True
Activity Participants,https://leetcode.com/problems/activity-participants,1355,2,True
Students With Invalid Departments,https://leetcode.com/problems/students-with-invalid-departments,1350,1,True
Number of Transactions per Visit,https://leetcode.com/problems/number-of-transactions-per-visit,1336,3,True
Ads Performance,https://leetcode.com/problems/ads-performance,1322,1,True
Running Total for Different Genders,https://leetcode.com/problems/running-total-for-different-genders,1308,2,True
Find the Team Size,https://leetcode.com/problems/find-the-team-size,1303,1,True
Check If a String Is a Valid Sequence from Root to Leaves Path in a Binary Tree,https://leetcode.com/problems/check-if-a-string-is-a-valid-sequence-from-root-to-leaves-path-in-a-binary-tree,1430,2,True
Weather Type in Each Country,https://leetcode.com/problems/weather-type-in-each-country,1294,1,True
Find the Start and End Number of Continuous Ranges,https://leetcode.com/problems/find-the-start-and-end-number-of-continuous-ranges,1285,2,True
Make Array Non-decreasing or Non-increasing,https://leetcode.com/problems/make-array-non-decreasing-or-non-increasing,2263,3,True
Check if an Array Is Consecutive,https://leetcode.com/problems/check-if-an-array-is-consecutive,2229,1,True
Traffic Light Controlled Intersection,https://leetcode.com/problems/traffic-light-controlled-intersection,1279,1,True
All People Report to the Given Manager,https://leetcode.com/problems/all-people-report-to-the-given-manager,1270,2,True
Print Immutable Linked List in Reverse,https://leetcode.com/problems/print-immutable-linked-list-in-reverse,1265,2,True
Page Recommendations,https://leetcode.com/problems/page-recommendations,1264,2,True
Counting Elements,https://leetcode.com/problems/counting-elements,1426,1,True
Number of Ways to Build House of Cards,https://leetcode.com/problems/number-of-ways-to-build-house-of-cards,2189,2,True
Maximum Font to Fit a Sentence in a Screen,https://leetcode.com/problems/maximum-font-to-fit-a-sentence-in-a-screen,1618,2,True
Number of Single Divisor Triplets,https://leetcode.com/problems/number-of-single-divisor-triplets,2198,2,True
Number of Comments per Post,https://leetcode.com/problems/number-of-comments-per-post,1241,1,True
Leftmost Column with at Least a One,https://leetcode.com/problems/leftmost-column-with-at-least-a-one,1428,2,True
Web Crawler Multithreaded,https://leetcode.com/problems/web-crawler-multithreaded,1242,2,True
First Unique Number,https://leetcode.com/problems/first-unique-number,1429,2,True
Report Contiguous Dates,https://leetcode.com/problems/report-contiguous-dates,1225,3,True
Distance to a Cycle in Undirected Graph,https://leetcode.com/problems/distance-to-a-cycle-in-undirected-graph,2204,3,True
Perform String Shifts,https://leetcode.com/problems/perform-string-shifts,1427,1,True
Team Scores in Football Tournament,https://leetcode.com/problems/team-scores-in-football-tournament,1212,2,True
Monthly Transactions II,https://leetcode.com/problems/monthly-transactions-ii,1205,2,True
Tournament Winners,https://leetcode.com/problems/tournament-winners,1194,3,True
Immediate Food Delivery I,https://leetcode.com/problems/immediate-food-delivery-i,1173,1,True
Diet Plan Performance,https://leetcode.com/problems/diet-plan-performance,1176,1,True
Web Crawler,https://leetcode.com/problems/web-crawler,1236,2,True
Market Analysis II,https://leetcode.com/problems/market-analysis-ii,1159,3,True
Article Views II,https://leetcode.com/problems/article-views-ii,1149,2,True
User Activity for the Past 30 Days II,https://leetcode.com/problems/user-activity-for-the-past-30-days-ii,1142,1,True
Reported Posts II,https://leetcode.com/problems/reported-posts-ii,1132,2,True
Number of Ships in a Rectangle,https://leetcode.com/problems/number-of-ships-in-a-rectangle,1274,3,True
User Purchase Platform,https://leetcode.com/problems/user-purchase-platform,1127,3,True
Active Businesses,https://leetcode.com/problems/active-businesses,1126,2,True
Reported Posts,https://leetcode.com/problems/reported-posts,1113,1,True
Highest Grade For Each Student,https://leetcode.com/problems/highest-grade-for-each-student,1112,2,True
Handshakes That Don't Cross,https://leetcode.com/problems/handshakes-that-dont-cross,1259,3,True
Design Bounded Blocking Queue,https://leetcode.com/problems/design-bounded-blocking-queue,1188,2,True
New Users Daily Count,https://leetcode.com/problems/new-users-daily-count,1107,2,True
Palindrome Removal,https://leetcode.com/problems/palindrome-removal,1246,3,True
Delete Tree Nodes,https://leetcode.com/problems/delete-tree-nodes,1273,2,True
Remove Interval,https://leetcode.com/problems/remove-interval,1272,2,True
Hexspeak,https://leetcode.com/problems/hexspeak,1271,1,True
Unpopular Books,https://leetcode.com/problems/unpopular-books,1098,2,True
Game Play Analysis V,https://leetcode.com/problems/game-play-analysis-v,1097,3,True
Divide Chocolate,https://leetcode.com/problems/divide-chocolate,1231,3,True
Synonymous Sentences,https://leetcode.com/problems/synonymous-sentences,1258,2,True
Smallest Common Region,https://leetcode.com/problems/smallest-common-region,1257,2,True
Encode Number,https://leetcode.com/problems/encode-number,1256,2,True
Game Play Analysis III,https://leetcode.com/problems/game-play-analysis-iii,534,2,True
Game Play Analysis II,https://leetcode.com/problems/game-play-analysis-ii,512,1,True
Valid Palindrome III,https://leetcode.com/problems/valid-palindrome-iii,1216,3,True
Tree Diameter,https://leetcode.com/problems/tree-diameter,1245,2,True
Design A Leaderboard,https://leetcode.com/problems/design-a-leaderboard,1244,2,True
Array Transformation,https://leetcode.com/problems/array-transformation,1243,1,True
Sales Analysis II,https://leetcode.com/problems/sales-analysis-ii,1083,1,True
Sales Analysis I,https://leetcode.com/problems/sales-analysis-i,1082,1,True
Minimum Time to Build Blocks,https://leetcode.com/problems/minimum-time-to-build-blocks,1199,3,True
Toss Strange Coins,https://leetcode.com/problems/toss-strange-coins,1230,2,True
Meeting Scheduler,https://leetcode.com/problems/meeting-scheduler,1229,2,True
Missing Number In Arithmetic Progression,https://leetcode.com/problems/missing-number-in-arithmetic-progression,1228,1,True
Project Employees III,https://leetcode.com/problems/project-employees-iii,1077,2,True
Project Employees II,https://leetcode.com/problems/project-employees-ii,1076,1,True
Product Sales Analysis II,https://leetcode.com/problems/product-sales-analysis-ii,1069,1,True
Maximum Number of Ones,https://leetcode.com/problems/maximum-number-of-ones,1183,3,True
Stepping Numbers,https://leetcode.com/problems/stepping-numbers,1215,2,True
Two Sum BSTs,https://leetcode.com/problems/two-sum-bsts,1214,2,True
Intersection of Three Sorted Arrays,https://leetcode.com/problems/intersection-of-three-sorted-arrays,1213,1,True
Optimize Water Distribution in a Village,https://leetcode.com/problems/optimize-water-distribution-in-a-village,1168,3,True
Find Smallest Common Element in All Rows,https://leetcode.com/problems/find-smallest-common-element-in-all-rows,1198,2,True
Minimum Knight Moves,https://leetcode.com/problems/minimum-knight-moves,1197,2,True
How Many Apples Can You Put into the Basket,https://leetcode.com/problems/how-many-apples-can-you-put-into-the-basket,1196,1,True
Shortest Distance to Target Color,https://leetcode.com/problems/shortest-distance-to-target-color,1182,2,True
Before and After Puzzle,https://leetcode.com/problems/before-and-after-puzzle,1181,2,True
Count Substrings with Only One Distinct Letter,https://leetcode.com/problems/count-substrings-with-only-one-distinct-letter,1180,1,True
Minimum Cost to Connect Sticks,https://leetcode.com/problems/minimum-cost-to-connect-sticks,1167,2,True
Design File System,https://leetcode.com/problems/design-file-system,1166,2,True
String Transforms Into Another String,https://leetcode.com/problems/string-transforms-into-another-string,1153,3,True
Single-Row Keyboard,https://leetcode.com/problems/single-row-keyboard,1165,1,True
Divide Array Into Increasing Sequences,https://leetcode.com/problems/divide-array-into-increasing-sequences,1121,3,True
Analyze User Website Visit Pattern,https://leetcode.com/problems/analyze-user-website-visit-pattern,1152,2,True
Minimum Swaps to Group All 1's Together,https://leetcode.com/problems/minimum-swaps-to-group-all-1s-together,1151,2,True
Check If a Number Is Majority Element in a Sorted Array,https://leetcode.com/problems/check-if-a-number-is-majority-element-in-a-sorted-array,1150,1,True
Parallel Courses,https://leetcode.com/problems/parallel-courses,1136,2,True
Connecting Cities With Minimum Cost,https://leetcode.com/problems/connecting-cities-with-minimum-cost,1135,2,True
Path With Maximum Minimum Value,https://leetcode.com/problems/path-with-maximum-minimum-value,1102,2,True
Largest Unique Number,https://leetcode.com/problems/largest-unique-number,1133,1,True
Maximum Average Subtree,https://leetcode.com/problems/maximum-average-subtree,1120,2,True
Armstrong Number,https://leetcode.com/problems/armstrong-number,1134,1,True
Remove Vowels from a String,https://leetcode.com/problems/remove-vowels-from-a-string,1119,1,True
Number of Days in a Month,https://leetcode.com/problems/number-of-days-in-a-month,1118,1,True
The Earliest Moment When Everyone Become Friends,https://leetcode.com/problems/the-earliest-moment-when-everyone-become-friends,1101,2,True
Find K-Length Substrings With No Repeated Characters,https://leetcode.com/problems/find-k-length-substrings-with-no-repeated-characters,1100,2,True
Two Sum Less Than K,https://leetcode.com/problems/two-sum-less-than-k,1099,1,True
Sum of Digits in the Minimum Number,https://leetcode.com/problems/sum-of-digits-in-the-minimum-number,1085,1,True
Confusing Number II,https://leetcode.com/problems/confusing-number-ii,1088,3,True
Brace Expansion,https://leetcode.com/problems/brace-expansion,1087,2,True
Index Pairs of a String,https://leetcode.com/problems/index-pairs-of-a-string,1065,1,True
High Five,https://leetcode.com/problems/high-five,1086,1,True
Confusing Number,https://leetcode.com/problems/confusing-number,1056,1,True
Digit Count in Range,https://leetcode.com/problems/digit-count-in-range,1067,3,True
Campus Bikes II,https://leetcode.com/problems/campus-bikes-ii,1066,2,True
Fixed Point,https://leetcode.com/problems/fixed-point,1064,1,True
Number of Valid Subarrays,https://leetcode.com/problems/number-of-valid-subarrays,1063,3,True
Longest Repeating Substring,https://leetcode.com/problems/longest-repeating-substring,1062,2,True
Missing Element in Sorted Array,https://leetcode.com/problems/missing-element-in-sorted-array,1060,2,True
Minimize Rounding Error to Meet Target,https://leetcode.com/problems/minimize-rounding-error-to-meet-target,1058,2,True
Campus Bikes,https://leetcode.com/problems/campus-bikes,1057,2,True
Shortest Way to Form String,https://leetcode.com/problems/shortest-way-to-form-string,1055,2,True
Robot Room Cleaner,https://leetcode.com/problems/robot-room-cleaner,489,3,True
Insert into a Sorted Circular Linked List,https://leetcode.com/problems/insert-into-a-sorted-circular-linked-list,708,2,True
Similar RGB Color,https://leetcode.com/problems/similar-rgb-color,800,1,True
Split BST,https://leetcode.com/problems/split-bst,776,2,True
Minimize Max Distance to Gas Station,https://leetcode.com/problems/minimize-max-distance-to-gas-station,774,3,True
Search in a Sorted Array of Unknown Size,https://leetcode.com/problems/search-in-a-sorted-array-of-unknown-size,702,2,True
Basic Calculator III,https://leetcode.com/problems/basic-calculator-iii,772,3,True
Encode N-ary Tree to Binary Tree,https://leetcode.com/problems/encode-n-ary-tree-to-binary-tree,431,3,True
Serialize and Deserialize N-ary Tree,https://leetcode.com/problems/serialize-and-deserialize-n-ary-tree,428,3,True
Find Anagram Mappings,https://leetcode.com/problems/find-anagram-mappings,760,1,True
Employee Free Time,https://leetcode.com/problems/employee-free-time,759,3,True
Bold Words in String,https://leetcode.com/problems/bold-words-in-string,758,2,True
Convert Binary Search Tree to Sorted Doubly Linked List,https://leetcode.com/problems/convert-binary-search-tree-to-sorted-doubly-linked-list,426,2,True
Pour Water,https://leetcode.com/problems/pour-water,755,2,True
IP to CIDR,https://leetcode.com/problems/ip-to-cidr,751,2,True
Number Of Corner Rectangles,https://leetcode.com/problems/number-of-corner-rectangles,750,2,True
Closest Leaf in a Binary Tree,https://leetcode.com/problems/closest-leaf-in-a-binary-tree,742,2,True
Sentence Similarity II,https://leetcode.com/problems/sentence-similarity-ii,737,2,True
Sentence Similarity,https://leetcode.com/problems/sentence-similarity,734,1,True
Minimum Window Subsequence,https://leetcode.com/problems/minimum-window-subsequence,727,3,True
Candy Crush,https://leetcode.com/problems/candy-crush,723,2,True
Max Stack,https://leetcode.com/problems/max-stack,716,3,True
Number of Distinct Islands II,https://leetcode.com/problems/number-of-distinct-islands-ii,711,3,True
Number of Distinct Islands,https://leetcode.com/problems/number-of-distinct-islands,694,2,True
K Empty Slots,https://leetcode.com/problems/k-empty-slots,683,3,True
Next Closest Time,https://leetcode.com/problems/next-closest-time,681,2,True
Path Sum IV,https://leetcode.com/problems/path-sum-iv,666,2,True
Equal Tree Partition,https://leetcode.com/problems/equal-tree-partition,663,2,True
Remove 9,https://leetcode.com/problems/remove-9,660,3,True
Coin Path,https://leetcode.com/problems/coin-path,656,3,True
4 Keys Keyboard,https://leetcode.com/problems/4-keys-keyboard,651,2,True
Maximum Average Subarray II,https://leetcode.com/problems/maximum-average-subarray-ii,644,3,True
Design Search Autocomplete System,https://leetcode.com/problems/design-search-autocomplete-system,642,3,True
Design Log Storage System,https://leetcode.com/problems/design-log-storage-system,635,2,True
Find the Derangement of An Array,https://leetcode.com/problems/find-the-derangement-of-an-array,634,2,True
Design Excel Sum Formula,https://leetcode.com/problems/design-excel-sum-formula,631,3,True
Minimum Factorization,https://leetcode.com/problems/minimum-factorization,625,2,True
Students Report By Geography,https://leetcode.com/problems/students-report-by-geography,618,3,True
Add Bold Tag in String,https://leetcode.com/problems/add-bold-tag-in-string,616,2,True
Average Salary: Departments VS Company,https://leetcode.com/problems/average-salary-departments-vs-company,615,3,True
Second Degree Follower,https://leetcode.com/problems/second-degree-follower,614,2,True
Shortest Distance in a Line,https://leetcode.com/problems/shortest-distance-in-a-line,613,1,True
Shortest Distance in a Plane,https://leetcode.com/problems/shortest-distance-in-a-plane,612,2,True
Design Compressed String Iterator,https://leetcode.com/problems/design-compressed-string-iterator,604,1,True
Consecutive Available Seats,https://leetcode.com/problems/consecutive-available-seats,603,1,True
Friend Requests I: Overall Acceptance Rate,https://leetcode.com/problems/friend-requests-i-overall-acceptance-rate,597,1,True
Design In-Memory File System,https://leetcode.com/problems/design-in-memory-file-system,588,3,True
Kill Process,https://leetcode.com/problems/kill-process,582,2,True
Count Student Number in Departments,https://leetcode.com/problems/count-student-number-in-departments,580,2,True
Find Cumulative Salary of an Employee,https://leetcode.com/problems/find-cumulative-salary-of-an-employee,579,3,True
Get Highest Answer Rate Question,https://leetcode.com/problems/get-highest-answer-rate-question,578,2,True
Winning Candidate,https://leetcode.com/problems/winning-candidate,574,2,True
Squirrel Simulation,https://leetcode.com/problems/squirrel-simulation,573,2,True
Find Median Given Frequency of Numbers,https://leetcode.com/problems/find-median-given-frequency-of-numbers,571,3,True
Median Employee Salary,https://leetcode.com/problems/median-employee-salary,569,3,True
Maximum Vacation Days,https://leetcode.com/problems/maximum-vacation-days,568,3,True
Longest Line of Consecutive One in Matrix,https://leetcode.com/problems/longest-line-of-consecutive-one-in-matrix,562,2,True
Split Concatenated Strings,https://leetcode.com/problems/split-concatenated-strings,555,2,True
Shortest Path to Get Food,https://leetcode.com/problems/shortest-path-to-get-food,1730,2,True
Binary Tree Longest Consecutive Sequence II,https://leetcode.com/problems/binary-tree-longest-consecutive-sequence-ii,549,2,True
Split Array with Equal Sum,https://leetcode.com/problems/split-array-with-equal-sum,548,3,True
Boundary of Binary Tree,https://leetcode.com/problems/boundary-of-binary-tree,545,2,True
Output Contest Matches,https://leetcode.com/problems/output-contest-matches,544,2,True
Construct Binary Tree from String,https://leetcode.com/problems/construct-binary-tree-from-string,536,2,True
Lonely Pixel II,https://leetcode.com/problems/lonely-pixel-ii,533,2,True
Lonely Pixel I,https://leetcode.com/problems/lonely-pixel-i,531,2,True
Word Abbreviation,https://leetcode.com/problems/word-abbreviation,527,3,True
Widest Pair of Indices With Equal Range Sum,https://leetcode.com/problems/widest-pair-of-indices-with-equal-range-sum,1983,2,True
Maximum Alternating Subarray Sum,https://leetcode.com/problems/maximum-alternating-subarray-sum,2036,2,True
All Paths from Source Lead to Destination,https://leetcode.com/problems/all-paths-from-source-lead-to-destination,1059,2,True
Count Subarrays With More Ones Than Zeros,https://leetcode.com/problems/count-subarrays-with-more-ones-than-zeros,2031,2,True
Inorder Successor in BST II,https://leetcode.com/problems/inorder-successor-in-bst-ii,510,2,True
The Maze II,https://leetcode.com/problems/the-maze-ii,505,2,True
The Maze III,https://leetcode.com/problems/the-maze-iii,499,3,True
The Maze,https://leetcode.com/problems/the-maze,490,2,True
Max Consecutive Ones II,https://leetcode.com/problems/max-consecutive-ones-ii,487,2,True
Find Permutation,https://leetcode.com/problems/find-permutation,484,2,True
Encode String with Shortest Length,https://leetcode.com/problems/encode-string-with-shortest-length,471,3,True
Convex Polygon,https://leetcode.com/problems/convex-polygon,469,2,True
Optimal Account Balancing,https://leetcode.com/problems/optimal-account-balancing,465,3,True
Sequence Reconstruction,https://leetcode.com/problems/sequence-reconstruction,444,2,True
Ternary Expression Parser,https://leetcode.com/problems/ternary-expression-parser,439,2,True
Word Squares,https://leetcode.com/problems/word-squares,425,3,True
Valid Word Square,https://leetcode.com/problems/valid-word-square,422,1,True
Sentence Screen Fitting,https://leetcode.com/problems/sentence-screen-fitting,418,2,True
Minimum Unique Word Abbreviation,https://leetcode.com/problems/minimum-unique-word-abbreviation,411,3,True
Valid Word Abbreviation,https://leetcode.com/problems/valid-word-abbreviation,408,1,True
Design Phone Directory,https://leetcode.com/problems/design-phone-directory,379,2,True
Range Addition,https://leetcode.com/problems/range-addition,370,2,True
Plus One Linked List,https://leetcode.com/problems/plus-one-linked-list,369,2,True
Find Leaves of Binary Tree,https://leetcode.com/problems/find-leaves-of-binary-tree,366,2,True
Nested List Weight Sum II,https://leetcode.com/problems/nested-list-weight-sum-ii,364,2,True
Design Hit Counter,https://leetcode.com/problems/design-hit-counter,362,2,True
Bomb Enemy,https://leetcode.com/problems/bomb-enemy,361,2,True
Sort Transformed Array,https://leetcode.com/problems/sort-transformed-array,360,2,True
Logger Rate Limiter,https://leetcode.com/problems/logger-rate-limiter,359,1,True
Rearrange String k Distance Apart,https://leetcode.com/problems/rearrange-string-k-distance-apart,358,3,True
Line Reflection,https://leetcode.com/problems/line-reflection,356,2,True
Design Snake Game,https://leetcode.com/problems/design-snake-game,353,2,True
Android Unlock Patterns,https://leetcode.com/problems/android-unlock-patterns,351,2,True
Design Tic-Tac-Toe,https://leetcode.com/problems/design-tic-tac-toe,348,2,True
Moving Average from Data Stream,https://leetcode.com/problems/moving-average-from-data-stream,346,1,True
Longest Substring with At Most K Distinct Characters,https://leetcode.com/problems/longest-substring-with-at-most-k-distinct-characters,340,2,True
Nested List Weight Sum,https://leetcode.com/problems/nested-list-weight-sum,339,2,True
Largest BST Subtree,https://leetcode.com/problems/largest-bst-subtree,333,2,True
Maximum Size Subarray Sum Equals k,https://leetcode.com/problems/maximum-size-subarray-sum-equals-k,325,2,True
Number of Connected Components in an Undirected Graph,https://leetcode.com/problems/number-of-connected-components-in-an-undirected-graph,323,2,True
Generalized Abbreviation,https://leetcode.com/problems/generalized-abbreviation,320,2,True
Shortest Distance from All Buildings,https://leetcode.com/problems/shortest-distance-from-all-buildings,317,3,True
Binary Tree Vertical Order Traversal,https://leetcode.com/problems/binary-tree-vertical-order-traversal,314,2,True
Sparse Matrix Multiplication,https://leetcode.com/problems/sparse-matrix-multiplication,311,2,True
Range Sum Query 2D - Mutable,https://leetcode.com/problems/range-sum-query-2d-mutable,308,3,True
Number of Islands II,https://leetcode.com/problems/number-of-islands-ii,305,3,True
Smallest Rectangle Enclosing Black Pixels,https://leetcode.com/problems/smallest-rectangle-enclosing-black-pixels,302,3,True
Binary Tree Longest Consecutive Sequence,https://leetcode.com/problems/binary-tree-longest-consecutive-sequence,298,2,True
Best Meeting Point,https://leetcode.com/problems/best-meeting-point,296,3,True
Flip Game II,https://leetcode.com/problems/flip-game-ii,294,2,True
Flip Game,https://leetcode.com/problems/flip-game,293,1,True
Word Pattern II,https://leetcode.com/problems/word-pattern-ii,291,2,True
Unique Word Abbreviation,https://leetcode.com/problems/unique-word-abbreviation,288,2,True
Walls and Gates,https://leetcode.com/problems/walls-and-gates,286,2,True
Inorder Successor in BST,https://leetcode.com/problems/inorder-successor-in-bst,285,2,True
Zigzag Iterator,https://leetcode.com/problems/zigzag-iterator,281,2,True
Wiggle Sort,https://leetcode.com/problems/wiggle-sort,280,2,True
Find the Celebrity,https://leetcode.com/problems/find-the-celebrity,277,2,True
Paint Fence,https://leetcode.com/problems/paint-fence,276,2,True
Closest Binary Search Tree Value II,https://leetcode.com/problems/closest-binary-search-tree-value-ii,272,3,True
Encode and Decode Strings,https://leetcode.com/problems/encode-and-decode-strings,271,2,True
Closest Binary Search Tree Value,https://leetcode.com/problems/closest-binary-search-tree-value,270,1,True
Alien Dictionary,https://leetcode.com/problems/alien-dictionary,269,3,True
Palindrome Permutation II,https://leetcode.com/problems/palindrome-permutation-ii,267,2,True
Palindrome Permutation,https://leetcode.com/problems/palindrome-permutation,266,1,True
Paint House II,https://leetcode.com/problems/paint-house-ii,265,3,True
Graph Valid Tree,https://leetcode.com/problems/graph-valid-tree,261,2,True
3Sum Smaller,https://leetcode.com/problems/3sum-smaller,259,2,True
Paint House,https://leetcode.com/problems/paint-house,256,2,True
Verify Preorder Sequence in Binary Search Tree,https://leetcode.com/problems/verify-preorder-sequence-in-binary-search-tree,255,2,True
Factor Combinations,https://leetcode.com/problems/factor-combinations,254,2,True
Meeting Rooms II,https://leetcode.com/problems/meeting-rooms-ii,253,2,True
Meeting Rooms,https://leetcode.com/problems/meeting-rooms,252,1,True
Flatten 2D Vector,https://leetcode.com/problems/flatten-2d-vector,251,2,True
Count Univalue Subtrees,https://leetcode.com/problems/count-univalue-subtrees,250,2,True
Group Shifted Strings,https://leetcode.com/problems/group-shifted-strings,249,2,True
Strobogrammatic Number III,https://leetcode.com/problems/strobogrammatic-number-iii,248,3,True
Strobogrammatic Number II,https://leetcode.com/problems/strobogrammatic-number-ii,247,2,True
Strobogrammatic Number,https://leetcode.com/problems/strobogrammatic-number,246,1,True
Shortest Word Distance III,https://leetcode.com/problems/shortest-word-distance-iii,245,2,True
Shortest Word Distance II,https://leetcode.com/problems/shortest-word-distance-ii,244,2,True
Shortest Word Distance,https://leetcode.com/problems/shortest-word-distance,243,1,True
Reverse Words in a String II,https://leetcode.com/problems/reverse-words-in-a-string-ii,186,2,True
Two Sum III - Data structure design,https://leetcode.com/problems/two-sum-iii-data-structure-design,170,1,True
Missing Ranges,https://leetcode.com/problems/missing-ranges,163,1,True
One Edit Distance,https://leetcode.com/problems/one-edit-distance,161,2,True
Longest Substring with At Most Two Distinct Characters,https://leetcode.com/problems/longest-substring-with-at-most-two-distinct-characters,159,2,True
Read N Characters Given read4 II - Call Multiple Times,https://leetcode.com/problems/read-n-characters-given-read4-ii-call-multiple-times,158,3,True
Read N Characters Given Read4,https://leetcode.com/problems/read-n-characters-given-read4,157,1,True
Binary Tree Upside Down,https://leetcode.com/problems/binary-tree-upside-down,156,2,True
